ID,Label
0.jpg,96
1.jpg,33
10.jpg,42
100.jpg,72
101.jpg,24
102.jpg,1
103.jpg,43
104.jpg,35
105.jpg,1
106.jpg,72
107.jpg,28
108.jpg,80
109.jpg,13
11.jpg,20
110.jpg,5
111.jpg,93
112.jpg,15
113.jpg,29
114.jpg,89
115.jpg,11
116.jpg,75
117.jpg,88
118.jpg,30
119.jpg,21
12.jpg,32
120.jpg,94
121.jpg,40
122.jpg,79
123.jpg,92
124.jpg,7
125.jpg,45
126.jpg,91
127.jpg,3
128.jpg,59
129.jpg,87
13.jpg,38
130.jpg,22
131.jpg,17
132.jpg,7
133.jpg,51
134.jpg,64
135.jpg,60
136.jpg,89
137.jpg,59
138.jpg,20
139.jpg,51
14.jpg,66
140.jpg,94
141.jpg,76
142.jpg,49
143.jpg,58
144.jpg,22
145.jpg,12
146.jpg,1
147.jpg,96
148.jpg,72
149.jpg,33
15.jpg,85
150.jpg,89
151.jpg,72
152.jpg,83
153.jpg,34
154.jpg,65
155.jpg,75
156.jpg,71
157.jpg,84
158.jpg,49
159.jpg,21
16.jpg,49
160.jpg,52
161.jpg,53
162.jpg,92
163.jpg,33
164.jpg,46
165.jpg,85
166.jpg,85
167.jpg,95
168.jpg,16
169.jpg,98
17.jpg,95
170.jpg,90
171.jpg,87
172.jpg,24
173.jpg,79
174.jpg,37
175.jpg,0
176.jpg,24
177.jpg,4
178.jpg,18
179.jpg,20
18.jpg,50
180.jpg,55
181.jpg,0
182.jpg,77
183.jpg,58
184.jpg,95
185.jpg,3
186.jpg,15
187.jpg,82
188.jpg,65
189.jpg,4
19.jpg,31
190.jpg,68
191.jpg,84
192.jpg,77
193.jpg,49
194.jpg,40
195.jpg,67
196.jpg,93
197.jpg,99
198.jpg,30
199.jpg,17
2.jpg,43
20.jpg,93
200.jpg,81
201.jpg,54
202.jpg,91
203.jpg,30
204.jpg,33
205.jpg,21
206.jpg,42
207.jpg,10
208.jpg,94
209.jpg,80
21.jpg,1
210.jpg,1
211.jpg,68
212.jpg,55
213.jpg,34
214.jpg,3
215.jpg,10
216.jpg,8
217.jpg,11
218.jpg,80
219.jpg,88
22.jpg,68
220.jpg,14
221.jpg,12
222.jpg,79
223.jpg,11
224.jpg,36
225.jpg,92
226.jpg,79
227.jpg,78
228.jpg,58
229.jpg,68
23.jpg,17
230.jpg,21
231.jpg,82
232.jpg,45
233.jpg,46
234.jpg,5
235.jpg,37
236.jpg,41
237.jpg,29
238.jpg,38
239.jpg,42
24.jpg,77
240.jpg,26
241.jpg,40
242.jpg,84
243.jpg,21
244.jpg,42
245.jpg,40
246.jpg,54
247.jpg,18
248.jpg,87
249.jpg,67
25.jpg,84
250.jpg,25
251.jpg,47
252.jpg,68
253.jpg,1
254.jpg,75
255.jpg,68
256.jpg,92
257.jpg,42
258.jpg,43
259.jpg,38
26.jpg,68
260.jpg,32
261.jpg,89
262.jpg,79
263.jpg,63
264.jpg,14
265.jpg,4
266.jpg,27
267.jpg,52
268.jpg,82
269.jpg,46
27.jpg,35
270.jpg,12
271.jpg,71
272.jpg,64
273.jpg,57
274.jpg,20
275.jpg,25
276.jpg,89
277.jpg,81
278.jpg,40
279.jpg,67
28.jpg,54
280.jpg,66
281.jpg,17
282.jpg,23
283.jpg,34
284.jpg,44
285.jpg,78
286.jpg,21
287.jpg,37
288.jpg,29
289.jpg,91
29.jpg,11
290.jpg,3
291.jpg,5
292.jpg,82
293.jpg,54
294.jpg,38
295.jpg,89
296.jpg,66
297.jpg,72
298.jpg,92
299.jpg,84
3.jpg,24
30.jpg,82
300.jpg,91
301.jpg,46
302.jpg,80
303.jpg,29
304.jpg,73
305.jpg,66
306.jpg,33
307.jpg,88
308.jpg,23
309.jpg,2
31.jpg,20
310.jpg,80
311.jpg,39
312.jpg,7
313.jpg,34
314.jpg,84
315.jpg,72
316.jpg,83
317.jpg,40
318.jpg,99
319.jpg,29
32.jpg,56
320.jpg,54
321.jpg,24
322.jpg,55
323.jpg,11
324.jpg,67
325.jpg,70
326.jpg,79
327.jpg,25
328.jpg,57
329.jpg,64
33.jpg,32
330.jpg,58
331.jpg,42
332.jpg,71
333.jpg,41
334.jpg,53
335.jpg,67
336.jpg,39
337.jpg,74
338.jpg,76
339.jpg,19
34.jpg,49
340.jpg,38
341.jpg,58
342.jpg,55
343.jpg,4
344.jpg,68
345.jpg,90
346.jpg,84
347.jpg,71
348.jpg,54
349.jpg,44
35.jpg,89
350.jpg,1
351.jpg,32
352.jpg,39
353.jpg,25
354.jpg,42
355.jpg,3
356.jpg,71
357.jpg,47
358.jpg,0
359.jpg,13
36.jpg,8
360.jpg,71
361.jpg,69
362.jpg,42
363.jpg,57
364.jpg,20
365.jpg,29
366.jpg,40
367.jpg,41
368.jpg,49
369.jpg,66
37.jpg,24
370.jpg,99
371.jpg,3
372.jpg,81
373.jpg,10
374.jpg,79
375.jpg,94
376.jpg,73
377.jpg,24
378.jpg,88
379.jpg,73
38.jpg,47
380.jpg,74
381.jpg,60
382.jpg,9
383.jpg,54
384.jpg,96
385.jpg,38
386.jpg,78
387.jpg,91
388.jpg,45
389.jpg,0
39.jpg,76
390.jpg,36
391.jpg,44
392.jpg,74
393.jpg,55
394.jpg,26
395.jpg,49
396.jpg,86
397.jpg,69
398.jpg,35
399.jpg,2
4.jpg,6
40.jpg,8
400.jpg,18
401.jpg,88
402.jpg,65
403.jpg,15
404.jpg,63
405.jpg,64
406.jpg,75
407.jpg,0
408.jpg,26
409.jpg,67
41.jpg,11
410.jpg,58
411.jpg,65
412.jpg,10
413.jpg,44
414.jpg,20
415.jpg,67
416.jpg,46
417.jpg,28
418.jpg,63
419.jpg,12
42.jpg,24
420.jpg,50
421.jpg,51
422.jpg,82
423.jpg,31
424.jpg,43
425.jpg,29
426.jpg,49
427.jpg,86
428.jpg,81
429.jpg,59
43.jpg,42
430.jpg,55
431.jpg,5
432.jpg,66
433.jpg,62
434.jpg,81
435.jpg,73
436.jpg,22
437.jpg,0
438.jpg,16
439.jpg,34
44.jpg,62
440.jpg,34
441.jpg,85
442.jpg,88
443.jpg,45
444.jpg,51
445.jpg,85
446.jpg,17
447.jpg,47
448.jpg,6
449.jpg,59
45.jpg,79
450.jpg,33
451.jpg,49
452.jpg,93
453.jpg,91
454.jpg,89
455.jpg,2
456.jpg,63
457.jpg,24
458.jpg,62
459.jpg,97
46.jpg,38
460.jpg,18
461.jpg,58
462.jpg,97
463.jpg,77
464.jpg,86
465.jpg,79
466.jpg,29
467.jpg,46
468.jpg,96
469.jpg,83
47.jpg,43
470.jpg,67
471.jpg,45
472.jpg,32
473.jpg,72
474.jpg,43
475.jpg,23
476.jpg,25
477.jpg,23
478.jpg,9
479.jpg,63
48.jpg,39
480.jpg,96
481.jpg,1
482.jpg,2
483.jpg,13
484.jpg,11
485.jpg,89
486.jpg,47
487.jpg,51
488.jpg,42
489.jpg,99
49.jpg,68
490.jpg,44
491.jpg,24
492.jpg,59
493.jpg,98
494.jpg,23
495.jpg,76
496.jpg,7
497.jpg,45
498.jpg,86
499.jpg,65
5.jpg,87
50.jpg,36
500.jpg,55
501.jpg,91
502.jpg,27
503.jpg,97
504.jpg,23
505.jpg,6
506.jpg,55
507.jpg,93
508.jpg,70
509.jpg,46
51.jpg,6
510.jpg,53
511.jpg,30
512.jpg,65
513.jpg,83
514.jpg,27
515.jpg,43
516.jpg,21
517.jpg,24
518.jpg,42
519.jpg,95
52.jpg,71
520.jpg,24
521.jpg,25
522.jpg,4
523.jpg,71
524.jpg,25
525.jpg,73
526.jpg,82
527.jpg,76
528.jpg,26
529.jpg,59
53.jpg,47
530.jpg,1
531.jpg,11
532.jpg,89
533.jpg,57
534.jpg,80
535.jpg,85
536.jpg,25
537.jpg,11
538.jpg,93
539.jpg,38
54.jpg,66
540.jpg,2
541.jpg,88
542.jpg,59
543.jpg,95
544.jpg,55
545.jpg,83
546.jpg,35
547.jpg,22
548.jpg,95
549.jpg,24
55.jpg,25
550.jpg,51
551.jpg,91
552.jpg,38
553.jpg,77
554.jpg,79
555.jpg,64
556.jpg,91
557.jpg,67
558.jpg,56
559.jpg,87
56.jpg,61
560.jpg,80
561.jpg,59
562.jpg,54
563.jpg,42
564.jpg,14
565.jpg,51
566.jpg,24
567.jpg,7
568.jpg,66
569.jpg,5
57.jpg,97
570.jpg,49
571.jpg,23
572.jpg,9
573.jpg,54
574.jpg,72
575.jpg,42
576.jpg,34
577.jpg,37
578.jpg,66
579.jpg,3
58.jpg,47
580.jpg,83
581.jpg,92
582.jpg,86
583.jpg,10
584.jpg,83
585.jpg,72
586.jpg,1
587.jpg,41
588.jpg,80
589.jpg,39
59.jpg,65
590.jpg,71
591.jpg,44
592.jpg,90
593.jpg,34
594.jpg,76
595.jpg,20
596.jpg,55
597.jpg,65
598.jpg,32
599.jpg,49
6.jpg,57
60.jpg,33
600.jpg,4
601.jpg,16
602.jpg,14
603.jpg,24
604.jpg,55
605.jpg,97
606.jpg,11
607.jpg,55
608.jpg,73
609.jpg,59
61.jpg,2
610.jpg,87
611.jpg,44
612.jpg,26
613.jpg,53
614.jpg,84
615.jpg,74
616.jpg,59
617.jpg,9
618.jpg,49
619.jpg,31
62.jpg,36
620.jpg,29
621.jpg,84
622.jpg,39
623.jpg,55
624.jpg,44
625.jpg,39
626.jpg,84
627.jpg,27
628.jpg,35
629.jpg,18
63.jpg,46
630.jpg,24
631.jpg,84
632.jpg,36
633.jpg,59
634.jpg,49
635.jpg,44
636.jpg,39
637.jpg,7
638.jpg,66
639.jpg,56
64.jpg,17
640.jpg,34
641.jpg,45
642.jpg,95
643.jpg,51
644.jpg,36
645.jpg,66
646.jpg,63
647.jpg,58
648.jpg,96
649.jpg,64
65.jpg,59
650.jpg,85
651.jpg,27
652.jpg,38
653.jpg,43
654.jpg,6
655.jpg,9
656.jpg,6
657.jpg,14
658.jpg,88
659.jpg,11
66.jpg,83
660.jpg,76
661.jpg,90
662.jpg,6
663.jpg,89
664.jpg,60
665.jpg,7
666.jpg,71
667.jpg,65
668.jpg,65
669.jpg,59
67.jpg,92
670.jpg,11
671.jpg,95
672.jpg,95
673.jpg,20
674.jpg,20
675.jpg,24
676.jpg,40
677.jpg,0
678.jpg,29
679.jpg,77
68.jpg,49
680.jpg,95
681.jpg,9
682.jpg,1
683.jpg,35
684.jpg,74
685.jpg,70
686.jpg,26
687.jpg,52
688.jpg,71
689.jpg,90
69.jpg,36
690.jpg,36
691.jpg,10
692.jpg,24
693.jpg,66
694.jpg,5
695.jpg,90
696.jpg,55
697.jpg,80
698.jpg,17
699.jpg,1
7.jpg,93
70.jpg,35
700.jpg,21
701.jpg,14
702.jpg,43
703.jpg,17
704.jpg,54
705.jpg,26
706.jpg,69
707.jpg,85
708.jpg,78
709.jpg,94
71.jpg,57
710.jpg,11
711.jpg,42
712.jpg,69
713.jpg,62
714.jpg,28
715.jpg,14
716.jpg,33
717.jpg,83
718.jpg,26
719.jpg,89
72.jpg,7
720.jpg,87
721.jpg,85
722.jpg,46
723.jpg,58
724.jpg,96
725.jpg,82
726.jpg,82
727.jpg,59
728.jpg,7
729.jpg,44
73.jpg,4
730.jpg,43
731.jpg,35
732.jpg,80
733.jpg,44
734.jpg,18
735.jpg,14
736.jpg,8
737.jpg,61
738.jpg,79
739.jpg,70
74.jpg,43
740.jpg,4
741.jpg,57
742.jpg,81
743.jpg,84
744.jpg,61
745.jpg,51
746.jpg,38
747.jpg,0
748.jpg,23
749.jpg,85
75.jpg,55
750.jpg,23
751.jpg,51
752.jpg,16
753.jpg,77
754.jpg,99
755.jpg,64
756.jpg,41
757.jpg,12
758.jpg,69
759.jpg,57
76.jpg,44
760.jpg,26
761.jpg,52
762.jpg,69
763.jpg,76
764.jpg,77
765.jpg,33
766.jpg,84
767.jpg,96
768.jpg,69
769.jpg,25
77.jpg,93
770.jpg,24
771.jpg,99
772.jpg,48
773.jpg,43
774.jpg,29
775.jpg,39
776.jpg,36
777.jpg,28
778.jpg,44
779.jpg,25
78.jpg,47
780.jpg,2
781.jpg,40
782.jpg,31
783.jpg,18
784.jpg,27
785.jpg,85
786.jpg,80
787.jpg,95
788.jpg,14
789.jpg,79
79.jpg,93
790.jpg,79
791.jpg,55
792.jpg,21
793.jpg,6
794.jpg,22
795.jpg,35
796.jpg,84
797.jpg,64
798.jpg,12
799.jpg,15
8.jpg,10
80.jpg,88
800.jpg,6
801.jpg,66
802.jpg,10
803.jpg,30
804.jpg,74
805.jpg,79
806.jpg,75
807.jpg,6
808.jpg,49
809.jpg,74
81.jpg,21
810.jpg,13
811.jpg,67
812.jpg,43
813.jpg,95
814.jpg,59
815.jpg,28
816.jpg,12
817.jpg,46
818.jpg,76
819.jpg,25
82.jpg,15
820.jpg,36
821.jpg,51
822.jpg,29
823.jpg,71
824.jpg,37
825.jpg,19
826.jpg,92
827.jpg,44
828.jpg,16
829.jpg,43
83.jpg,72
830.jpg,79
831.jpg,7
832.jpg,45
833.jpg,14
834.jpg,69
835.jpg,24
836.jpg,64
837.jpg,8
838.jpg,20
839.jpg,3
84.jpg,37
840.jpg,0
841.jpg,40
842.jpg,60
843.jpg,40
844.jpg,24
845.jpg,61
846.jpg,93
847.jpg,9
848.jpg,75
849.jpg,77
85.jpg,99
850.jpg,9
851.jpg,0
852.jpg,90
853.jpg,55
854.jpg,72
855.jpg,80
856.jpg,60
857.jpg,63
858.jpg,14
859.jpg,64
86.jpg,30
860.jpg,34
861.jpg,8
862.jpg,85
863.jpg,76
864.jpg,91
865.jpg,64
866.jpg,85
867.jpg,55
868.jpg,74
869.jpg,74
87.jpg,33
870.jpg,55
871.jpg,68
872.jpg,51
873.jpg,66
874.jpg,19
875.jpg,24
876.jpg,98
877.jpg,50
878.jpg,95
879.jpg,45
88.jpg,44
880.jpg,1
881.jpg,59
882.jpg,76
883.jpg,91
884.jpg,15
885.jpg,9
886.jpg,69
887.jpg,29
888.jpg,90
889.jpg,47
89.jpg,88
890.jpg,65
891.jpg,1
892.jpg,42
893.jpg,70
894.jpg,68
895.jpg,7
896.jpg,12
897.jpg,80
898.jpg,98
899.jpg,62
9.jpg,83
90.jpg,55
900.jpg,52
901.jpg,1
902.jpg,90
903.jpg,20
904.jpg,12
905.jpg,30
906.jpg,86
907.jpg,31
908.jpg,10
909.jpg,11
91.jpg,84
910.jpg,29
911.jpg,60
912.jpg,4
913.jpg,86
914.jpg,39
915.jpg,96
916.jpg,7
917.jpg,66
918.jpg,59
919.jpg,5
92.jpg,29
920.jpg,64
921.jpg,62
922.jpg,21
923.jpg,10
924.jpg,57
925.jpg,75
926.jpg,9
927.jpg,66
928.jpg,47
929.jpg,4
93.jpg,6
930.jpg,35
931.jpg,75
932.jpg,70
933.jpg,68
934.jpg,80
935.jpg,32
936.jpg,93
937.jpg,29
938.jpg,18
939.jpg,85
94.jpg,63
940.jpg,82
941.jpg,10
942.jpg,38
943.jpg,8
944.jpg,13
945.jpg,81
946.jpg,8
947.jpg,0
948.jpg,26
949.jpg,85
95.jpg,4
950.jpg,99
951.jpg,14
952.jpg,65
953.jpg,87
954.jpg,85
955.jpg,55
956.jpg,27
957.jpg,53
958.jpg,72
959.jpg,52
96.jpg,61
960.jpg,34
961.jpg,88
962.jpg,62
963.jpg,51
964.jpg,54
965.jpg,37
966.jpg,32
967.jpg,91
968.jpg,69
969.jpg,62
97.jpg,95
970.jpg,60
971.jpg,12
972.jpg,87
973.jpg,34
974.jpg,40
975.jpg,79
976.jpg,10
977.jpg,15
978.jpg,20
979.jpg,93
98.jpg,61
980.jpg,58
981.jpg,5
982.jpg,20
983.jpg,89
984.jpg,11
985.jpg,67
986.jpg,42
987.jpg,51
988.jpg,79
989.jpg,86
99.jpg,24
990.jpg,1
991.jpg,3
992.jpg,51
993.jpg,81
994.jpg,83
995.jpg,0
996.jpg,33
997.jpg,15
998.jpg,24
999.jpg,60
